<?xml-stylesheet type="text/xsl" href="03knihyAtt.xsl"?>
<knihy>
	<kniha linka="http://www.knihy.sk/knihaA">
		<nazov>Nazov A</nazov>
		<autor>Autor A</autor>
		<vydavatelstvo>Vydavatelstvo A</vydavatelstvo>
		<rokVydania>2001</rokVydania>
		<cena>22</cena>
	</kniha>
	<kniha>
		<nazov>Nazov B</nazov>
		<autor>Autor B</autor>
		<vydavatelstvo>Vydavatelstvo B</vydavatelstvo>
		<rokVydania>2002</rokVydania>
		<cena>25</cena>
	</kniha>
	<kniha>
		<nazov>Nazov C</nazov>
		<autor>Autor C</autor>
		<vydavatelstvo>Vydavatelstvo C</vydavatelstvo>
		<rokVydania>2003</rokVydania>
		<cena>50</cena>
	</kniha>
</knihy>
